{"title":"","id":1,"dateAdded":1241805761895798,"lastModified":1276966807746822,"type":"text/x-moz-place-container","root":"placesRoot","children":[{"title":"Bookmarks Menu","id":2,"parent":1,"dateAdded":1241805761896152,"lastModified":1276969098332392,"type":"text/x-moz-place-container","root":"bookmarksMenuFolder","children":[{"title":"","id":9,"parent":2,"dateAdded":1241805761907943,"lastModified":1241805761907943,"type":"text/x-moz-place-separator"},{"index":1,"title":"","id":14,"parent":2,"dateAdded":1241805761930823,"lastModified":1241805761930823,"type":"text/x-moz-place-separator"}]},{"index":1,"title":"Bookmarks Toolbar","id":3,"parent":1,"dateAdded":1241805761896278,"lastModified":1276969242864123,"annos":[{"name":"bookmarkProperties/description","flags":0,"expires":4,"mimeType":null,"type":3,"value":"Add bookmarks to this folder to see them displayed on the Bookmarks Toolbar"}],"type":"text/x-moz-place-container","root":"toolbarFolder","children":[]},{"index":2,"title":"Tags","id":4,"parent":1,"dateAdded":1241805761896402,"lastModified":1276966725071454,"type":"text/x-moz-place-container","root":"tagsFolder","children":[]},{"index":3,"title":"Unsorted Bookmarks","id":5,"parent":1,"dateAdded":1241805761896524,"lastModified":1276966725071370,"type":"text/x-moz-place-container","root":"unfiledBookmarksFolder","children":[]},]}