{"title":"","id":1,"dateAdded":1241805761895798,"lastModified":1241805761896540,"type":"text/x-moz-place-container","root":"placesRoot","children":[{"title":"Bookmarks Menu","id":2,"parent":1,"dateAdded":1241805761896152,"lastModified":1241805761930924,"type":"text/x-moz-place-container","root":"bookmarksMenuFolder","children":[{"title":"Recently Bookmarked","id":7,"parent":2,"annos":[{"name":"Places/SmartBookmark","flags":0,"expires":4,"mimeType":null,"type":3,"value":"RecentlyBookmarked"}],"type":"text/x-moz-place","uri":"place:folder=BOOKMARKS_MENU&folder=UNFILED_BOOKMARKS&folder=TOOLBAR&sort=12&excludeQueries=1&excludeItemIfParentHasAnnotation=livemark%2FfeedURI&maxResults=10&queryType=1"},{"index":1,"title":"Recent Tags","id":8,"parent":2,"annos":[{"name":"Places/SmartBookmark","flags":0,"expires":4,"mimeType":null,"type":3,"value":"RecentTags"}],"type":"text/x-moz-place","uri":"place:sort=14&type=6&maxResults=10"},{"index":2,"title":"","id":9,"parent":2,"dateAdded":1241805761907943,"type":"text/x-moz-place-separator"},{"index":3,"title":"Get Bookmark Add-ons","id":10,"parent":2,"dateAdded":1241805761926940,"lastModified":1241805761928932,"type":"text/x-moz-place","uri":"https://en-us.add-ons.mozilla.com/en-US/firefox/bookmarks/"},{"index":4,"title":"","id":14,"parent":2,"dateAdded":1241805761930823,"type":"text/x-moz-place-separator"},{"index":5,"title":"Mozilla Firefox","id":15,"parent":2,"dateAdded":1241805761930909,"lastModified":1241805761932869,"type":"text/x-moz-place-container","children":[{"title":"Help and Tutorials","id":16,"parent":15,"dateAdded":1241805761931009,"lastModified":1241805761931495,"type":"text/x-moz-place","uri":"http://en-us.www.mozilla.com/en-US/firefox/help/"},{"index":1,"title":"Customize Firefox","id":17,"parent":15,"dateAdded":1241805761931581,"lastModified":1241805761932071,"type":"text/x-moz-place","uri":"http://en-us.www.mozilla.com/en-US/firefox/customize/"},{"index":2,"title":"Get Involved","id":18,"parent":15,"dateAdded":1241805761932158,"lastModified":1241805761932648,"type":"text/x-moz-place","uri":"http://en-us.www.mozilla.com/en-US/firefox/community/"},{"index":3,"title":"About Us","id":19,"parent":15,"dateAdded":1241805761932735,"lastModified":1241805761933302,"type":"text/x-moz-place","uri":"http://en-us.www.mozilla.com/en-US/firefox/about/"}]}]},{"index":1,"title":"Bookmarks Toolbar","id":3,"parent":1,"dateAdded":1241805761896278,"lastModified":1241805761930083,"annos":[{"name":"bookmarkProperties/description","flags":0,"expires":4,"mimeType":null,"type":3,"value":"Add bookmarks to this folder to see them displayed on the Bookmarks Toolbar"}],"type":"text/x-moz-place-container","root":"toolbarFolder","children":[{"title":"Most Visited","id":6,"parent":3,"annos":[{"name":"Places/SmartBookmark","flags":0,"expires":4,"mimeType":null,"type":3,"value":"MostVisited"}],"type":"text/x-moz-place","uri":"place:sort=8&maxResults=10"},{"index":1,"title":"Getting Started","id":11,"parent":3,"dateAdded":1241805761929419,"lastModified":1241805761929914,"type":"text/x-moz-place","uri":"http://en-us.www.mozilla.com/en-US/firefox/central/"},{"index":2,"title":"Latest Headlines","id":12,"parent":3,"dateAdded":1241805761930067,"lastModified":1241805772021438,"livemark":1,"annos":[{"name":"placesInternal/READ_ONLY","flags":0,"expires":4,"mimeType":null,"type":1,"value":1},{"name":"livemark/feedURI","flags":0,"expires":4,"mimeType":null,"type":3,"value":"http://en-us.fxfeeds.mozilla.com/en-US/firefox/headlines.xml"},{"name":"livemark/siteURI","flags":0,"expires":4,"mimeType":null,"type":3,"value":"http://news.bbc.co.uk/go/rss/-/2/hi/default.stm"},{"name":"livemark/expiration","flags":0,"expires":4,"mimeType":null,"type":2,"value":1241809372019}],"type":"text/x-moz-place-container","children":[]}]},{"index":2,"title":"Tags","id":4,"parent":1,"dateAdded":1241805761896402,"lastModified":1241805761897039,"type":"text/x-moz-place-container","root":"tagsFolder","children":[]},{"index":3,"title":"Unsorted Bookmarks","id":5,"parent":1,"dateAdded":1241805761896524,"lastModified":1241805761896995,"type":"text/x-moz-place-container","root":"unfiledBookmarksFolder","children":[]}]}